,base0,base1,base2,base3,base4,base5,base6,base7,base8,base9,base10,base11,base12,base13,base14,base15,base16,base17,base18,base19,base20,base21,base22,base23,base24,base25,base26,base27,base28,base29,base30,base31,base32,base33,base34,base35,base36,base37,base38,base39,base40,base41,base42,base43,base44,base45,base46,base47,base48,base49,base50,base51
0,0.0,10811.294957836046,18290.60741441413,23944.378085050826,16926.179537130494,9714.24615900652,14045.996419345302,20714.00472916847,19332.94383306717,20301.618137290316,19109.273545772296,25094.44100617618,25160.710833966114,38179.22148558428,25522.857615496916,28603.06963417351,35614.55242104039,31296.411265097355,36444.23223386414,38201.07229287762,44290.11141628079,51398.90719679903,42011.04396759053,39478.53956125332,41872.06649750705,45671.57511138657,49363.58223069232,51445.35157326877,48457.66351206486,44340.08467551293,47605.398105460525,53447.35461241744,56687.78705816007,56895.7428591388,89061.63636219272,54553.606792981336,55199.24965456633,61946.09689243841,56802.876324756435,60316.57835907696,62075.42849799002,67152.64051585615,71933.1570408982,63776.422803040725,68116.10787236359,67475.72278060643,69223.94074580645,74685.67392503352,73557.94857375542,75151.36594272223,75313.66061968112,80398.43883720998
1,10811.294957836046,0.0,9229.729411738488,27054.802481595354,20780.715414893457,13319.799162771666,8885.03923391733,14435.622631881684,22631.119095886992,22057.397992166763,14265.45391676344,18541.027307376335,28458.886096785936,39584.71676780452,21431.7704665675,23580.96849666637,29344.82154740378,27205.324116167936,31572.334275560315,33259.09524672496,39220.64347505098,46086.61190194088,37919.956818661114,35387.45241232391,37180.30388126618,40854.56678666546,44421.60518453966,46503.3745271161,44366.57636313545,40248.99752658352,42984.73737522311,48630.34628769633,51870.778733438965,51953.76581298614,86425.46768466657,49932.946062743926,50578.58892432891,57325.436162201,52711.78917582702,55695.91762883954,57454.76776775261,62531.979785618736,67312.49631066079,59685.3356541113,63825.62133459246,62855.062050369015,64603.280015569035,70065.0131947961,69466.861424826,70530.70521248481,70692.99988944369,75777.77810697255
2,18290.60741441413,9229.729411738488,0.0,34150.639907187826,27876.552840485925,20425.05731938556,15516.597562710796,11502.929640895094,29726.95652147946,27993.10262980399,20036.89425759531,17049.700149148302,35554.72352237841,46951.11305175196,26447.769361190265,22062.028577936886,26529.030062440404,31218.444614270345,30763.182699739904,30403.66163434238,35908.993869069986,42739.887687449605,42068.124524215,37852.410679415945,36388.77473436587,38332.3193581501,41497.36004377593,43579.129386352375,48272.81145997267,43504.49519177085,42943.702972035186,45899.60233999575,49139.44171866661,49029.52067222241,89544.16140603267,49891.911659556004,50498.52826152166,54841.64238423406,55042.26431573303,55654.88322565162,57413.73336456468,62133.756089585535,67271.46190747285,62015.810794017314,64291.53503491668,62814.027647181094,64562.24561238111,70023.97879160818,69950.3967347308,70489.67080929689,70651.96548625577,75736.74370378462
3,23944.378085050826,27054.802481595354,34150.639907187826,0.0,18149.264797763983,16669.44766953885,22753.494291991214,29342.298184528394,13155.6399446106,17289.57978946314,23133.513852571297,30000.91843335917,20254.931847765656,37078.60802933992,28889.726596361623,32016.246014879616,39074.95054517746,33709.96356615852,39509.72221609448,41614.24867358373,47703.2877969869,54812.08357750514,43651.70916796431,41654.52929259789,44387.41776525066,48582.91651167827,52776.758611398414,54858.52795397486,50344.94115107917,46516.0744068575,50120.74937320413,56328.999185433866,59599.12845845177,60308.919239844894,86340.20844021335,57068.95806072495,57714.60092230994,64545.327519927516,58978.866056101004,62831.929626820565,64590.77976573363,69667.99178359978,74448.50830864182,65952.4125343853,70535.00549027018,69991.07404835004,71739.29201355006,77201.02519277713,75733.93830509999,77666.71721046584,77829.01188742471,82913.79010495359
4,16926.179537130494,20780.715414893457,27876.552840485925,18149.264797763983,0.0,11000.01239870901,16584.63865132766,23053.935103934346,13535.305790864733,15639.566211492296,20032.54777285351,26872.665777959493,19363.072791763676,30169.12949031729,24969.796973599507,28226.419170702775,35285.123701000615,29752.343529261514,35568.7328972595,37824.421829406885,43913.460952810055,51022.25673332829,39694.08913106731,37696.909255700884,40429.79772835365,44793.08966750143,48986.931767221584,51068.70110979803,46387.32111418217,42558.4543699605,46163.12933630713,52371.379148536864,55809.30161427494,56519.092395668056,81800.09428540048,53111.33802382794,53756.98088541294,60587.70748303051,55021.246019204,58874.30958992356,60633.159728836625,65710.37174670276,70490.8882717448,61994.79249748829,66577.3854533732,66033.45401145304,67781.67197665306,73243.40515588013,71776.31826820297,73709.09717356884,73871.39185052773,78956.17006805658
5,9714.24615900652,13319.799162771666,20425.05731938556,16669.44766953885,11000.01239870901,0.0,9205.070952211217,15674.75204689435,12421.375047030731,12101.743037353554,11129.745975538382,17969.863980644364,18249.142047929676,25210.45574091847,17076.162647943,20202.68206646099,27261.38659675883,22849.716297543437,28043.844666151617,29800.684725165105,35889.72384856827,42998.519629086506,33564.349000036615,31031.844593699403,33425.37152995313,37224.88014383265,40963.1946629798,43044.96400555624,40010.96854451095,35893.38970795902,39158.7031379066,45000.659644863525,48241.09209060615,48495.35529142628,76205.27535576826,46106.91182542742,46752.55468701241,53499.4019248845,48356.18135720252,51869.883391523035,53628.733530436104,58705.94554830224,63486.46207334428,55329.7278354868,59669.41290480968,59029.02781305251,60777.24577825253,66238.9789574796,65111.2536062015,66704.67097516832,66866.9656521272,71951.74386965606
6,14045.996419345302,8885.03923391733,15516.597562710796,22753.494291991214,16584.63865132766,9205.070952211217,0.0,9901.14756370228,18333.620352378413,17311.26508226688,9519.321006863554,14726.852906436085,24161.387353277358,28478.827512031334,16685.637556667614,18914.959678120966,24885.772823655447,22459.19120626805,26826.201365660432,28512.962336825083,34602.001460228246,41710.797240746484,33173.82390876123,30641.31950242402,32434.1709713663,36108.43387676557,39675.472274639775,41757.24161721622,39620.443453235566,35502.86461668363,38238.604465323224,43884.21337779645,47124.64582353908,47207.632903086254,74654.77086870774,45186.81315284404,45832.45601442903,52579.30325230111,47965.65626592713,50949.784718939656,52708.63485785272,57785.84687571885,62566.36340076089,54939.20274421142,59079.48842469258,58108.92914046913,59857.14710566915,65318.88028489622,64720.728514926115,65784.57230258493,65946.86697954382,71031.64519707268
7,20714.00472916847,14435.622631881684,11502.929640895094,29342.298184528394,23053.935103934346,15674.75204689435,9901.14756370228,0.0,24904.33878492788,20735.761128020695,12780.961548288407,10035.542405255703,29052.64233712592,35726.039697970904,19201.996448373357,15358.33516246143,19825.33664696495,23972.80730859346,24059.489284264448,23895.09467595056,29400.426910678165,36231.320729057785,34822.48721853812,30689.34623957572,29685.08131889042,31823.75239975828,34988.79308538411,37070.562427960554,41027.174154295775,36341.43075193063,36240.00955655973,39391.035381603935,42630.87476027479,42520.95371383059,76614.73872978838,43188.21824408055,43833.861105665535,48333.07542584224,48241.85265299998,48951.18981017616,50710.03994908922,55625.189131193714,60567.7684919974,55215.39913128427,57587.84161944122,56110.33423170564,57858.55219690566,63320.28537613273,63246.703319255335,63785.977393821435,63948.272070780324,69033.05028830918
8,19332.94383306717,22631.119095886992,29726.95652147946,13155.6399446106,13535.305790864733,12421.375047030731,18333.620352378413,24904.33878492788,0.0,9391.59273444725,17973.474852812178,24053.068857067497,8473.21400008146,18764.60171593529,20121.414748489926,24835.29598826123,32134.38884314808,23477.91095083162,29290.974000277758,33822.667876135194,40218.23319277439,47621.347219847594,33419.65655263742,31422.47667727099,34155.36514992376,38783.97128970767,44962.44289868661,47320.12958612628,40112.888535752274,36284.021791530606,39888.69675787724,46093.62025155511,49673.480084632174,51147.40534953938,70260.94811259904,46836.90544539805,47482.548306983044,54309.94858604876,48746.81344077411,52599.87701149368,54358.72715040673,59435.93916827287,64216.455693314914,55720.35991905839,60302.952874943294,59759.02143302315,61507.239398223166,66968.97257745024,65501.88568977309,67434.66459513895,67596.95927209783,72681.73748962668
9,20301.618137290316,22057.397992166763,27993.10262980399,17289.57978946314,15639.566211492296,12101.743037353554,17311.26508226688,20735.761128020695,9391.59273444725,0.0,8970.699326664298,15468.481795589816,10196.826289664314,12089.991184052536,13376.889042411472,16633.511239514744,23692.215769812585,18307.961085409246,23927.143912319832,26231.51389821886,32320.553021622025,39429.34880214026,28249.70668721504,26252.526811848616,28985.415284501385,33151.283685325485,37394.02383603355,39475.793178609994,34942.938670329895,31114.07192610823,34718.74689245486,40923.67038613274,44167.49563209899,44926.18446448003,64864.06911199901,41666.95557997568,42312.598441560665,49139.99872062639,43576.86357535173,47429.92714607129,49188.77728498436,54265.98930285049,59046.505827892535,50550.41005363602,55133.00300952092,54589.07156760077,56337.28953280079,61799.02271202786,60331.935824350716,62264.71472971657,62427.009406675454,67511.78762420431
10,19109.273545772296,14265.45391676344,20036.89425759531,23133.513852571297,20032.54777285351,11129.745975538382,9519.321006863554,12780.961548288407,17973.474852812178,8970.699326664298,0.0,7963.406539495,17287.580535769524,17184.425596636076,7612.6283548716465,10282.022884641,17340.72741493884,13386.18200447208,18193.264572180466,19880.025543345113,25969.06466674828,33077.86044726652,24100.814706965255,21568.310300628047,23739.064534852376,27475.497083285605,31042.535481159804,33124.30482373625,30547.43425143959,26429.85541488766,29543.4980288093,35251.27658431648,38491.709030059115,38574.69610960629,61272.55914103846,36491.70671633011,37137.349577915105,43884.19681578719,38892.64706413116,42254.67828242573,44013.52842133879,49090.74043920493,53871.25696424697,45866.19354241545,50054.20779571237,49413.8227039552,51162.04066915522,56623.7738483823,55647.71931313015,57089.465866071005,57251.760543029886,62336.538760558746
11,25094.44100617618,18541.027307376335,17049.700149148302,30000.91843335917,26872.665777959493,17969.863980644364,14726.852906436085,10035.542405255703,24053.068857067497,15468.481795589816,7963.406539495,0.0,22481.74054534347,27353.396599661915,11731.753454124979,7799.525419718957,12673.992618420067,16132.916124312862,16500.679541521975,17374.34318454015,22948.486947648897,30112.464371453258,26982.59603425752,22596.32290072358,22126.27157614795,25371.812436729015,28536.85312235484,30618.622464931286,32946.38475053373,28248.407413078494,28660.311932431156,32939.09541857467,36178.93479724552,36069.013750801314,63121.10820736413,35608.520619951974,36254.16348153696,41881.13546281296,40598.56856067022,41371.49218604759,43130.34232496066,48207.554342826785,52988.070867868824,47572.11503895451,50008.14399531265,48530.636607577064,50278.85457277708,55740.587752004154,55667.00569512677,56206.27976969286,56368.57444665174,61453.3526641806
12,25160.710833966114,28458.886096785936,35554.72352237841,20254.931847765656,19363.072791763676,18249.142047929676,24161.387353277358,29052.64233712592,8473.21400008146,10196.826289664314,17287.580535769524,22481.74054534347,0.0,13898.33116161589,17608.744734191423,22827.945647974077,30127.038502860923,20965.24093653312,26778.303985979255,31319.18627838433,37903.31613133778,45514.78024376297,30906.98653833891,28909.80666297249,31642.695135625258,36271.30127540916,42647.52583725001,45005.212524689676,37600.218521453775,33771.35177723211,37376.02674357874,43580.95023725662,47160.810070333675,48634.735335240875,61111.91536734534,44324.23543109955,44969.878292684545,51797.278571750256,46234.14342647561,50087.20699719517,51846.057136108226,56923.26915397437,61703.78567901641,53207.68990475989,57790.282860644795,57246.35141872465,58994.56938392467,64456.30256315174,62989.21567547459,64921.994580840445,65084.28925779932,70169.06747532818
13,38179.22148558428,39584.71676780452,46951.11305175196,37078.60802933992,30169.12949031729,25210.45574091847,28478.827512031334,35726.039697970904,18764.60171593529,12089.991184052536,17184.425596636076,27353.396599661915,13898.33116161589,0.0,13162.899667873426,25161.80707828569,38024.1054372322,19300.051461282615,29324.701565426778,39868.578228698476,51259.22878821098,64168.28461331602,29318.842904235516,30780.600368730204,37706.845806289806,46425.91001745975,57195.320363867504,66858.00986583845,42036.24674285676,41470.71561731282,47293.029413505195,56108.29006603663,64442.73267772334,72092.59196173385,76144.37015498921,58981.11066116557,63616.83271146441,73441.46661142824,65091.42915254706,69942.0966664038,74977.16896518705,82836.15349104506,90800.26356940041,77510.48270810457,82042.7306852823,85305.21891614475,90398.74551049244,97957.8930343765,91765.34198874884,97468.8155039132,100504.6758275006,108789.58431702324
14,25522.857615496916,21431.7704665675,26447.769361190265,28889.726596361623,24969.796973599507,17076.162647943,16685.637556667614,19201.996448373357,20121.414748489926,13376.889042411472,7612.6283548716465,11731.753454124979,17608.744734191423,13162.899667873426,0.0,7681.434859050727,15731.865816218058,7024.09176189065,12320.94942240095,15355.598459572047,21502.859716478823,29866.10563435647,17738.724464383828,15206.220058046618,17599.746994300345,21891.656255748007,26518.10839738674,28599.87773996318,24185.34400885816,20067.76517230623,23333.078602253823,29457.449054738063,32840.81431535542,34050.269025833215,49122.72546982846,30281.287289774635,30926.93015135963,37673.777389231705,32530.556821549733,36044.258855870256,37803.10899478332,42880.32101264945,47660.83753769149,39504.10329983402,43843.78836915689,43203.40327739973,44951.62124259975,50413.35442182682,49285.62907054872,50879.04643951553,51041.3411164744,56126.11933400327
15,28603.06963417351,23580.96849666637,22062.028577936886,32016.246014879616,28226.419170702775,20202.68206646099,18914.959678120966,15358.33516246143,24835.29598826123,16633.511239514744,10282.022884641,7799.525419718957,22827.945647974077,25161.80707828569,7681.434859050727,0.0,8238.494743026255,10588.430144901253,8701.154121803018,10237.52723463071,16384.788491537485,23428.611304573715,21407.36280803442,15805.774121420538,14619.700917359365,18234.996486819575,21400.0371724454,23481.806515021846,26785.365449913443,21457.858633775446,20881.6743940983,25802.279468665227,29042.118847336085,28932.19780089188,50926.15519033573,27829.883081619115,28475.525943204106,34744.31951290353,32980.23573779614,33592.85464771473,35351.70478662779,40428.91680449393,45209.43332953597,39953.78221608042,42229.50645697979,40751.99906924421,42500.21703444423,47961.9502136713,47888.36815679391,48427.642231360005,48589.93690831888,53674.71512584775
16,35614.55242104039,29344.82154740378,26529.030062440404,39074.95054517746,35285.123701000615,27261.38659675883,24885.772823655447,19825.33664696495,32134.38884314808,23692.215769812585,17340.72741493884,12673.992618420067,30127.038502860923,38024.1054372322,15731.865816218058,8238.494743026255,0.0,18170.419094387107,12867.762288749367,8113.919016044183,13619.251250771784,20450.545294126256,28989.35175752028,23073.176838479347,16834.03202488654,16042.576739851898,19207.61742547773,21289.386768054173,33436.48856934091,28108.981753202916,24445.518700209203,23609.859721697554,26849.699100368412,26739.77805392421,56765.21475888512,32319.310160566714,28631.34657544594,32551.899765935857,39617.30385078203,38282.422632350164,36428.2543918202,40266.57440350982,45422.120595982036,46590.850329066314,46368.18581722131,41828.548674436606,42946.83281726172,48174.63748011736,49112.13628985509,49400.29851420355,49070.669103486245,54155.447321015105
17,31296.411265097355,27205.324116167936,31218.444614270345,33709.96356615852,29752.343529261514,22849.716297543437,22459.19120626805,23972.80730859346,23477.91095083162,18307.961085409246,13386.18200447208,16132.916124312862,20965.24093653312,19300.051461282615,7024.09176189065,10588.430144901253,18170.419094387107,0.0,9659.149524020086,14641.884379152125,21870.690876733075,30871.299234002294,12101.509300488682,9221.163882656057,11787.230793467385,16448.498497419736,25357.93388717434,28691.682678312987,18200.2878334676,14082.70899691567,17520.56240142086,23816.373648588757,27396.23348166581,28811.932557251454,37124.1298964036,24468.771088941678,25114.41395052667,31964.194667949676,26545.500646159177,30032.747384641865,31990.592793950353,37067.80481181649,41848.32133685853,33519.04712444346,37697.38749695514,37390.88707656677,39139.10504176679,44600.83822099386,43300.572895158155,45066.530238682564,45228.824915641446,50313.60313317031
18,36444.23223386414,31572.334275560315,30763.182699739904,39509.72221609448,35568.7328972595,28043.844666151617,26826.201365660432,24059.489284264448,29290.974000277758,23927.143912319832,18193.264572180466,16500.679541521975,26778.303985979255,29324.701565426778,12320.94942240095,8701.154121803018,12867.762288749367,9659.149524020086,0.0,7839.41347787038,15243.605240856312,24311.519330019502,19243.855658271066,11358.112127596345,8106.86072803902,11927.460769665637,18766.238246386747,21889.21177703124,22338.062031387693,17010.555215249704,14259.93973636797,19509.731554892736,22757.26112302938,24291.104833868663,40026.89970505057,21842.79008227012,21853.79128547378,28182.33664289668,28850.50106299783,27605.761648365737,28729.97012889747,33807.182146763604,38587.69867180564,35824.047541282125,36520.97855823116,34130.26441151388,35878.4823767139,41340.21555594097,41413.852026932356,41805.90757362968,41968.202250588554,47052.98046811742
19,38201.07229287762,33259.09524672496,30403.66163434238,41614.24867358373,37824.421829406885,29800.684725165105,28512.962336825083,23895.09467595056,33822.667876135194,26231.51389821886,19880.025543345113,17374.34318454015,31319.18627838433,39868.578228698476,15355.598459572047,10237.52723463071,8113.919016044183,14641.884379152125,7839.41347787038,0.0,9073.19853332685,18281.52477973396,25460.817042285293,18192.92285347075,10603.181069542585,8559.045398382314,12710.682245809243,15714.216566421115,27443.238432580903,22115.73161644291,18214.667744865248,16126.32838022797,19391.727769348276,20661.35139271245,46357.98943328663,25855.03918880172,21147.815233976355,25093.92843491572,33708.0623147686,31203.49764396929,28944.72305035061,32783.04306204023,37938.58925451245,40651.906196345735,39607.818857952734,34345.01733296702,35463.301475792134,40691.106138647774,41628.6049483855,41916.76717273396,41587.13776201666,46671.91597954552
20,44290.11141628079,39220.64347505098,35908.993869069986,47703.2877969869,43913.460952810055,35889.72384856827,34602.001460228246,29400.426910678165,40218.23319277439,32320.553021622025,25969.06466674828,22948.486947648897,37903.31613133778,51259.22878821098,21502.859716478823,16384.788491537485,13619.251250771784,21870.690876733075,15243.605240856312,9073.19853332685,0.0,11506.63120949979,32689.623539866247,25785.545716316552,18363.513644883875,12716.659575478126,9978.485050565756,12108.796804972906,33551.873618889316,27712.35312064852,21822.272165420618,17312.228128044866,19231.345196612205,17559.18809084294,54956.905435381086,29004.950318075178,23177.064111714186,24933.54586217965,37261.13286710178,34019.363119090885,30973.97192808844,33167.01131491504,38697.587174817425,44234.67934538607,41637.067735690565,36374.26621070485,37492.550353529965,41450.104058952755,43657.85382612333,43946.016050471786,43616.38663975449,48011.12604977745
21,51398.90719679903,46086.61190194088,42739.887687449605,54812.08357750514,51022.25673332829,42998.519629086506,41710.797240746484,36231.320729057785,47621.347219847594,39429.34880214026,33077.86044726652,30112.464371453258,45514.78024376297,64168.28461331602,29866.10563435647,23428.611304573715,20450.545294126256,30871.299234002294,24311.519330019502,18281.52477973396,11506.63120949979,0.0,41666.93896090792,34789.96713978922,27430.603465383847,21148.066996104953,17638.146226146964,19739.63650571343,41676.89072165631,35979.32202209365,29406.061075010533,24896.017037634778,26815.134106202117,25190.027791583467,64408.358770789506,36588.73922766509,30760.853021304098,32517.334771769565,44844.92177669169,41603.1520286808,38557.76083767835,40750.80022450496,46281.37608440733,51818.468254975975,49220.85664528048,43958.05512029477,45076.33926311988,49033.89296854266,51241.64273571325,51529.8049600617,51200.17554934441,55594.914959367365
22,42011.04396759053,37919.956818661114,42068.124524215,43651.70916796431,39694.08913106731,33564.349000036615,33173.82390876123,34822.48721853812,33419.65655263742,28249.70668721504,24100.814706965255,26982.59603425752,30906.98653833891,29318.842904235516,17738.724464383828,21407.36280803442,28989.35175752028,12101.509300488682,19243.855658271066,25460.817042285293,32689.623539866247,41666.93896090792,0.0,10579.129147921441,15932.247219631812,22698.50970529935,33154.42614940129,38370.381561021626,11615.465245479976,13813.588073771592,20098.01070679408,26777.54414705374,30601.646382329527,36596.69233134542,29595.05791207005,23718.543845685577,27691.86225589989,34553.69412286928,24912.157612038573,28925.319721801556,34568.04109932357,39645.25311718971,44425.76964223175,31885.704090322855,36468.29704620776,38332.91451296493,41716.55334714001,47178.28652636708,41667.22986103756,47319.94822269764,47482.242899656514,52567.02111718537
23,39478.53956125332,35387.45241232391,37852.410679415945,41654.52929259789,37696.909255700884,31031.844593699403,30641.31950242402,30689.34623957572,31422.47667727099,26252.526811848616,21568.310300628047,22596.32290072358,28909.80666297249,30780.600368730204,15206.220058046618,15805.774121420538,23073.176838479347,9221.163882656057,11358.112127596345,18192.92285347075,25785.545716316552,34789.96713978922,10579.129147921441,0.0,8907.508110258557,15673.770595926093,26095.0746029422,31345.642451648375,13534.259613239385,8119.766311396339,13073.271597420824,19752.80503768049,23576.90727295627,29568.86564098391,25138.472507381794,18775.430696687665,20667.123146526632,27528.95501349603,20582.557960639842,24562.186697836507,27543.30198995032,32620.514007816455,37401.030532858495,27556.10443892413,32138.69739480903,32943.596272566734,34691.814237766754,40153.547416993824,37337.630209638824,40619.23943468253,40781.53411164141,45866.31232917027
24,41872.06649750705,37180.30388126618,36388.77473436587,44387.41776525066,40429.79772835365,33425.37152995313,32434.1709713663,29685.08131889042,34155.36514992376,28985.415284501385,23739.064534852376,22126.27157614795,31642.695135625258,37706.845806289806,17599.746994300345,14619.700917359365,16834.03202488654,11787.230793467385,8106.86072803902,10603.181069542585,18363.513644883875,27430.603465383847,15932.247219631812,8907.508110258557,0.0,9297.631479992217,19006.331321338377,24433.124352821495,17573.4416615386,12245.934845400605,8344.870973822945,14154.705386697598,17420.104775817905,22481.916304153274,29303.231811826787,16418.80333986829,15365.543116881958,22183.457938526903,23838.265543726295,22181.774905963903,22814.90136635244,27609.729128747436,32390.245653789483,30782.109425303428,31096.99181582933,28215.195648968853,29681.02935869774,35142.762537924806,35498.78326438733,35890.83881108466,35796.42961225765,40881.20782978651
25,45671.57511138657,40854.56678666546,38332.3193581501,48582.91651167827,44793.08966750143,37224.88014383265,36108.43387676557,31823.75239975828,38783.97128970767,33151.283685325485,27475.497083285605,25371.812436729015,36271.30127540916,46425.91001745975,21891.656255748007,18234.996486819575,16042.576739851898,16448.498497419736,11927.460769665637,8559.045398382314,12716.659575478126,21148.066996104953,22698.50970529935,15673.770595926093,9297.631479992217,0.0,11850.332489637713,17277.12552112083,24339.704147206136,18737.529203359438,12557.825071473211,9511.270338145787,12548.54575923783,15325.91747245261,37390.578937973776,19996.7224891055,14235.868106648795,18250.746424805275,28736.316673430403,25078.1671140255,22032.77592302305,26167.985019958054,31260.57064355632,35709.863151714686,32695.87173062518,27433.070205639466,28551.354348464574,34013.08752769165,34716.65782105794,35004.8200454064,34675.190634689105,39759.968852217964
26,49363.58223069232,44421.60518453966,41497.36004377593,52776.758611398414,48986.931767221584,40963.1946629798,39675.472274639775,34988.79308538411,44962.44289868661,37394.02383603355,31042.535481159804,28536.85312235484,42647.52583725001,57195.320363867504,26518.10839738674,21400.0371724454,19207.61742547773,25357.93388717434,18766.238246386747,12710.682245809243,9978.485050565756,17638.146226146964,33154.42614940129,26095.0746029422,19006.331321338377,11850.332489637713,0.0,10193.645326054555,32011.946917702484,26314.37821813983,19741.11727105671,15231.073233680958,14436.912626207937,12318.51290315854,46923.86556490772,26923.79542371127,21095.90921735028,22852.390967815743,35179.97797273788,31938.208224726983,28892.817033724532,31085.856420551136,35450.16486303249,42153.52445102215,39555.91284132666,34293.111316340946,35411.39545916606,38202.68174716782,41576.69893175943,41864.86115610788,41535.231745390585,44932.21586537903
27,51445.35157326877,46503.3745271161,43579.129386352375,54858.52795397486,51068.70110979803,43044.96400555624,41757.24161721622,37070.562427960554,47320.12958612628,39475.793178609994,33124.30482373625,30618.622464931286,45005.212524689676,66858.00986583845,28599.87773996318,23481.806515021846,21289.386768054173,28691.682678312987,21889.21177703124,15714.216566421115,12108.796804972906,19739.63650571343,38370.381561021626,31345.642451648375,24433.124352821495,17277.12552112083,10193.645326054555,0.0,37151.139868238926,31453.571168676277,24880.310221593158,19603.699241627586,14599.078914018039,8004.771047479811,57569.78935734906,32062.98837424772,25453.426026030087,23979.139020922954,40319.170923274316,36783.63551389093,33738.24432288848,31861.34992715584,35612.3311508426,47292.717401558606,44401.34013049061,39138.538605504895,38543.89336220989,38364.84803497793,46422.12622092337,45123.44246569378,43107.38471138499,45094.38215318913
28,48457.66351206486,44366.57636313545,48272.81145997267,50344.94115107917,46387.32111418217,40010.96854451095,39620.443453235566,41027.174154295775,40112.888535752274,34942.938670329895,30547.43425143959,32946.38475053373,37600.218521453775,42036.24674285676,24185.34400885816,26785.365449913443,33436.48856934091,18200.2878334676,22338.062031387693,27443.238432580903,33551.873618889316,41676.89072165631,11615.465245479976,13534.259613239385,17573.4416615386,24339.704147206136,32011.946917702484,37151.139868238926,0.0,9189.622868757004,17559.771133755246,23585.901689990864,28532.21966527072,35377.45063856272,19401.416659406255,18335.502624472014,24268.143486178375,31260.818933333576,19529.116390825006,23542.278500587992,31144.32232960206,36221.534347468194,41002.05087251024,26502.662869109292,31085.25582499419,32949.87329175137,37781.25758316257,43754.56775664557,36284.18863982399,41936.90700148407,42099.20167844295,47183.97989597181
29,44340.08467551293,40248.99752658352,43504.49519177085,46516.0744068575,42558.4543699605,35893.38970795902,35502.86461668363,36341.43075193063,36284.021791530606,31114.07192610823,26429.85541488766,28248.407413078494,33771.35177723211,41470.71561731282,20067.76517230623,21457.858633775446,28108.981753202916,14082.70899691567,17010.555215249704,22115.73161644291,27712.35312064852,35979.32202209365,13813.588073771592,8119.766311396339,12245.934845400605,18737.529203359438,26314.37821813983,31453.571168676277,9189.622868757004,0.0,11862.202434192594,17888.332990428215,22834.650965708068,29679.881939000057,12776.973311083315,12397.174449412085,18570.57478661572,25563.250233770923,13590.788215765078,17603.950325528065,25346.874446794776,30523.965647905545,35304.48217294758,20564.334694049365,25146.927649934263,27011.54511669144,32007.528060824938,38056.99905708291,30345.86046476406,35998.57882642414,36160.87350338302,41245.65172091188
30,47605.398105460525,42984.73737522311,42943.702972035186,50120.74937320413,46163.12933630713,39158.7031379066,38238.604465323224,36240.00955655973,39888.69675787724,34718.74689245486,29543.4980288093,28660.311932431156,37376.02674357874,47293.029413505195,23333.078602253823,20881.6743940983,24445.518700209203,17520.56240142086,14259.93973636797,18214.667744865248,21822.272165420618,29406.061075010533,20098.01070679408,13073.271597420824,8344.870973822945,12557.825071473211,19741.11727105671,24880.310221593158,17559.771133755246,11862.202434192594,0.0,11102.141156497542,16261.39001862495,23106.620991916938,18877.22663110584,10426.57517132729,11349.486652709053,18383.07595782715,17390.12699555418,16460.152124675773,18225.66549613274,23302.877513998876,28083.39403904092,24363.67347383847,25375.369034541196,23625.959778749155,25374.177743949174,30835.91092317625,30201.570698481744,31301.602940864956,31463.897617823834,36548.6758353527
31,53447.35461241744,48630.34628769633,45899.60233999575,56328.999185433866,52371.379148536864,45000.659644863525,43884.21337779645,39391.035381603935,46093.62025155511,40923.67038613274,35251.27658431648,32939.09541857467,43580.95023725662,56108.29006603663,29457.449054738063,25802.279468665227,23609.859721697554,23816.373648588757,19509.731554892736,16126.32838022797,17312.228128044866,24896.017037634778,26777.54414705374,19752.80503768049,14154.705386697598,9511.270338145787,15231.073233680958,19603.699241627586,23585.901689990864,17888.332990428215,11102.141156497542,0.0,8431.571784960128,17284.956062290956,31542.333718215312,17667.643237990153,11839.757031629157,13044.779134044336,26753.932745026254,22682.05603900586,19636.66484800341,21278.24458677973,26808.820446682108,33727.47922331054,30299.76065560554,25036.959130619824,26155.243273444936,29561.337330817434,32320.5467460383,32608.708970386757,32279.079559669462,36290.871449028644
32,56687.78705816007,51870.778733438965,49139.44171866661,59599.12845845177,55809.30161427494,48241.09209060615,47124.64582353908,42630.87476027479,49673.480084632174,44167.49563209899,38491.709030059115,36178.93479724552,47160.810070333675,64442.73267772334,32840.81431535542,29042.118847336085,26849.699100368412,27396.23348166581,22757.26112302938,19391.727769348276,19231.345196612205,26815.134106202117,30601.646382329527,23576.90727295627,17420.104775817905,12548.54575923783,14436.912626207937,14599.078914018039,28532.21966527072,22834.650965708068,16261.39001862495,8431.571784960128,0.0,11793.141943726634,40891.91291085632,19870.12640873104,12336.184920252545,11071.356919874706,30277.92817003138,23774.957215428672,20729.566024426225,19304.8223726101,24835.398232512478,36347.42735051639,31392.661832028352,26129.860307042636,25463.271201707907,27587.915116647804,33413.44792246111,32006.201359916242,31587.107487932433,34317.449234859014
33,56895.7428591388,51953.76581298614,49029.52067222241,60308.919239844894,56519.092395668056,48495.35529142628,47207.632903086254,42520.95371383059,51147.40534953938,44926.18446448003,38574.69610960629,36069.013750801314,48634.735335240875,72092.59196173385,34050.269025833215,28932.19780089188,26739.77805392421,28811.932557251454,24291.104833868663,20661.35139271245,17559.18809084294,25190.027791583467,36596.69233134542,29568.86564098391,22481.916304153274,15325.91747245261,12318.51290315854,8004.771047479811,35377.45063856272,29679.881939000057,23106.620991916938,17284.956062290956,11793.141943726634,0.0,53090.762499346514,30040.23084453438,22647.489055738683,21173.20205063155,38545.4816935981,34086.261350914814,31040.87015991236,29055.41295686444,32806.39418055119,45519.02817188238,41703.96596751449,36441.164442528774,35737.95639191849,35558.911064686516,43724.75205794725,42317.50549540238,40301.44774109358,42288.44518289773
34,89061.63636219272,86425.46768466657,89544.16140603267,86340.20844021335,81800.09428540048,76205.27535576826,74654.77086870774,76614.73872978838,70260.94811259904,64864.06911199901,61272.55914103846,63121.10820736413,61111.91536734534,76144.37015498921,49122.72546982846,50926.15519033573,56765.21475888512,37124.1298964036,40026.89970505057,46357.98943328663,54956.905435381086,64408.358770789506,29595.05791207005,25138.472507381794,29303.231811826787,37390.578937973776,46923.86556490772,57569.78935734906,19401.416659406255,12776.973311083315,18877.22663110584,31542.333718215312,40891.91291085632,53090.762499346514,0.0,12415.322049718094,24933.247280496114,38085.94476065955,13029.649770727778,19015.171077627292,30509.900620078348,41587.79208811752,52490.130893180176,25587.473624867176,30019.11962780854,36205.9766466999,45794.54796002181,56320.303122504294,39564.02662962436,48073.2659989025,52946.05342535029,63162.82824127077
35,54553.606792981336,49932.946062743926,49891.911659556004,57068.95806072495,53111.33802382794,46106.91182542742,45186.81315284404,43188.21824408055,46836.90544539805,41666.95557997568,36491.70671633011,35608.520619951974,44324.23543109955,58981.11066116557,30281.287289774635,27829.883081619115,32319.310160566714,24468.771088941678,21842.79008227012,25855.03918880172,29004.950318075178,36588.73922766509,23718.543845685577,18775.430696687665,16418.80333986829,19996.7224891055,26923.79542371127,32062.98837424772,18335.502624472014,12397.174449412085,10426.57517132729,17667.643237990153,19870.12640873104,30040.23084453438,12415.322049718094,0.0,9183.381050576472,16500.11810206776,12644.031924957308,9603.459242691573,13263.546317341583,20357.312283386247,25137.82880842829,18441.585486638964,18518.676152556996,18613.500419157775,22428.612513336546,27890.34569256362,24378.248115973343,27561.60367663818,27723.89835359706,32808.67657112592
36,55199.24965456633,50578.58892432891,50498.52826152166,57714.60092230994,53756.98088541294,46752.55468701241,45832.45601442903,43833.861105665535,47482.548306983044,42312.598441560665,37137.349577915105,36254.16348153696,44969.878292684545,63616.83271146441,30926.93015135963,28475.525943204106,28631.34657544594,25114.41395052667,21853.79128547378,21147.815233976355,23177.064111714186,30760.853021304098,27691.86225589989,20667.123146526632,15365.543116881958,14235.868106648795,21095.90921735028,25453.426026030087,24268.143486178375,18570.57478661572,11349.486652709053,11839.757031629157,12336.184920252545,22647.489055738683,24933.247280496114,9183.381050576472,0.0,8947.195955325278,19679.098877956385,13069.231199010119,10023.840008007668,12981.556631517557,17762.0731565596,25650.948727593222,20686.935815609795,15424.134290624082,15052.856861467855,20514.590040694926,22707.72190604256,21595.78701967619,21176.693147692382,26261.471365221245
37,61946.09689243841,57325.436162201,54841.64238423406,64545.327519927516,60587.70748303051,53499.4019248845,52579.30325230111,48333.07542584224,54309.94858604876,49139.99872062639,43884.19681578719,41881.13546281296,51797.278571750256,73441.46661142824,37673.777389231705,34744.31951290353,32551.899765935857,31964.194667949676,28182.33664289668,25093.92843491572,24933.54586217965,32517.334771769565,34553.69412286928,27528.95501349603,22183.457938526903,18250.746424805275,22852.390967815743,23979.139020922954,31260.818933333576,25563.250233770923,18383.07595782715,13044.779134044336,11071.356919874706,21173.20205063155,38085.94476065955,16500.11810206776,8947.195955325278,0.0,26995.835929447676,20385.968250501406,16855.721439453275,11688.724319512654,17219.300179415033,32967.68577908451,28003.672867101086,22541.977699128332,17847.17314861046,19971.81706355036,30001.37384200227,24390.103306818797,23971.00943483499,26701.351181761565
38,56802.876324756435,52711.78917582702,55042.26431573303,58978.866056101004,55021.246019204,48356.18135720252,47965.65626592713,48241.85265299998,48746.81344077411,43576.86357535173,38892.64706413116,40598.56856067022,46234.14342647561,65091.42915254706,32530.556821549733,32980.23573779614,39617.30385078203,26545.500646159177,28850.50106299783,33708.0623147686,37261.13286710178,44844.92177669169,24912.157612038573,20582.557960639842,23838.265543726295,28736.316673430403,35179.97797273788,40319.170923274316,19529.116390825006,13590.788215765078,17390.12699555418,26753.932745026254,30277.92817003138,38545.4816935981,13029.649770727778,12644.031924957308,19679.098877956385,26995.835929447676,0.0,10555.243974086217,19790.152086190545,29818.12795561535,34598.64448065739,8685.545901449896,14424.127235760909,19962.838765249595,24958.821709383094,31609.38048116729,18697.540677746547,28001.560042401026,29112.167151941176,34196.945369470035
39,60316.57835907696,55695.91762883954,55654.88322565162,62831.929626820565,58874.30958992356,51869.883391523035,50949.784718939656,48951.18981017616,52599.87701149368,47429.92714607129,42254.67828242573,41371.49218604759,50087.20699719517,69942.0966664038,36044.258855870256,33592.85464771473,38282.422632350164,30032.747384641865,27605.761648365737,31203.49764396929,34019.363119090885,41603.1520286808,28925.319721801556,24562.186697836507,22181.774905963903,25078.1671140255,31938.208224726983,36783.63551389093,23542.278500587992,17603.950325528065,16460.152124675773,22682.05603900586,23774.957215428672,34086.261350914814,19015.171077627292,9603.459242691573,13069.231199010119,20385.968250501406,10555.243974086217,0.0,9234.908112104327,19262.88398152913,24043.400506571175,14113.654718633052,11763.756239248136,12256.134120546087,17172.9753107512,23902.67583646378,18141.10214776459,21243.16783027879,21405.462507237673,26490.240724766532
40,62075.42849799002,57454.76776775261,57413.73336456468,64590.77976573363,60633.159728836625,53628.733530436104,52708.63485785272,50710.03994908922,54358.72715040673,49188.77728498436,44013.52842133879,43130.34232496066,51846.057136108226,74977.16896518705,37803.10899478332,35351.70478662779,36428.2543918202,31990.592793950353,28729.97012889747,28944.72305035061,30973.97192808844,38557.76083767835,34568.04109932357,27543.30198995032,22814.90136635244,22032.77592302305,28892.817033724532,33738.24432288848,31144.32232960206,25346.874446794776,18225.66549613274,19636.66484800341,20729.566024426225,31040.87015991236,30509.900620078348,13263.546317341583,10023.840008007668,16855.721439453275,19790.152086190545,9234.908112104327,0.0,10905.487970793796,15686.004495835838,19857.4124020749,15684.775039119238,9630.597965105757,11811.248409778045,18432.704471160083,16914.185580524238,16569.044036172447,16731.33871313133,21816.116930660188
41,67152.64051585615,62531.979785618736,62133.756089585535,69667.99178359978,65710.37174670276,58705.94554830224,57785.84687571885,55625.189131193714,59435.93916827287,54265.98930285049,49090.74043920493,48207.554342826785,56923.26915397437,82836.15349104506,42880.32101264945,40428.91680449393,40266.57440350982,37067.80481181649,33807.182146763604,32783.04306204023,33167.01131491504,40750.80022450496,39645.25311718971,32620.514007816455,27609.729128747436,26167.985019958054,31085.856420551136,31861.34992715584,36221.534347468194,30523.965647905545,23302.877513998876,21278.24458677973,19304.8223726101,29055.41295686444,41587.79208811752,20357.312283386247,12981.556631517557,11688.724319512654,29818.12795561535,19262.88398152913,10905.487970793796,0.0,7470.18646286854,27260.12197862201,25605.858966450218,16306.74251825905,10840.621848582638,10222.703347003866,23477.88311234649,17785.547431273313,14965.240023410932,16952.237465215072
42,71933.1570408982,67312.49631066079,67271.46190747285,74448.50830864182,70490.8882717448,63486.46207334428,62566.36340076089,60567.7684919974,64216.455693314914,59046.505827892535,53871.25696424697,52988.070867868824,61703.78567901641,90800.26356940041,47660.83753769149,45209.43332953597,45422.120595982036,41848.32133685853,38587.69867180564,37938.58925451245,38697.587174817425,46281.37608440733,44425.76964223175,37401.030532858495,32390.245653789483,31260.57064355632,35450.16486303249,35612.3311508426,41002.05087251024,35304.48217294758,28083.39403904092,26808.820446682108,24835.398232512478,32806.39418055119,52490.130893180176,25137.82880842829,17762.0731565596,17219.300179415033,34598.64448065739,24043.400506571175,15686.004495835838,7470.18646286854,0.0,32040.63850366405,30386.37549149226,21087.259043301092,14146.706784819695,6656.990665255649,28258.39963738854,22566.063956315353,18271.324959647987,20258.322401452133
43,63776.422803040725,59685.3356541113,62015.810794017314,65952.4125343853,61994.79249748829,55329.7278354868,54939.20274421142,55215.39913128427,55720.35991905839,50550.41005363602,45866.19354241545,47572.11503895451,53207.68990475989,77510.48270810457,39504.10329983402,39953.78221608042,46590.850329066314,33519.04712444346,35824.047541282125,40651.906196345735,44234.67934538607,51818.468254975975,31885.704090322855,27556.10443892413,30782.109425303428,35709.863151714686,42153.52445102215,47292.717401558606,26502.662869109292,20564.334694049365,24363.67347383847,33727.47922331054,36347.42735051639,45519.02817188238,25587.473624867176,18441.585486638964,25650.948727593222,32967.68577908451,8685.545901449896,14113.654718633052,19857.4124020749,27260.12197862201,32040.63850366405,0.0,9662.373095153569,13532.732713617355,20147.82624112473,26291.25678507184,10261.266082980786,19565.285447635266,22188.378232151037,28359.574250616086
44,68116.10787236359,63825.62133459246,64291.53503491668,70535.00549027018,66577.3854533732,59669.41290480968,59079.48842469258,57587.84161944122,60302.952874943294,55133.00300952092,50054.20779571237,50008.14399531265,57790.282860644795,82042.7306852823,43843.78836915689,42229.50645697979,46368.18581722131,37697.38749695514,36520.97855823116,39607.818857952734,41637.067735690565,49220.85664528048,36468.29704620776,32138.69739480903,31096.99181582933,32695.87173062518,39555.91284132666,44401.34013049061,31085.25582499419,25146.927649934263,25375.369034541196,30299.76065560554,31392.661832028352,41703.96596751449,30019.11962780854,18518.676152556996,20686.935815609795,28003.672867101086,14424.127235760909,11763.756239248136,15684.775039119238,25605.858966450218,30386.37549149226,9662.373095153569,0.0,12356.214855103286,18560.09089278183,24923.37743571573,9084.748224466717,18388.7675891212,21011.86037363697,27183.05639210202
45,67475.72278060643,62855.062050369015,62814.027647181094,69991.07404835004,66033.45401145304,59029.02781305251,58108.92914046913,56110.33423170564,59759.02143302315,54589.07156760077,49413.8227039552,48530.636607577064,57246.35141872465,85305.21891614475,43203.40327739973,40751.99906924421,41828.548674436606,37390.88707656677,34130.26441151388,34345.01733296702,36374.26621070485,43958.05512029477,38332.91451296493,32943.596272566734,28215.195648968853,27433.070205639466,34293.111316340946,39138.538605504895,32949.87329175137,27011.54511669144,23625.959778749155,25036.959130619824,26129.860307042636,36441.164442528774,36205.9766466999,18613.500419157775,15424.134290624082,22541.977699128332,19962.838765249595,12256.134120546087,9630.597965105757,16306.74251825905,21087.259043301092,13532.732713617355,12356.214855103286,0.0,9194.446780761777,15557.733323695677,10551.94425670724,9602.686438256178,11614.464614076742,17785.660632541792
46,69223.94074580645,64603.280015569035,64562.24561238111,71739.29201355006,67781.67197665306,60777.24577825253,59857.14710566915,57858.55219690566,61507.239398223166,56337.28953280079,51162.04066915522,50278.85457277708,58994.56938392467,90398.74551049244,44951.62124259975,42500.21703444423,42946.83281726172,39139.10504176679,35878.4823767139,35463.301475792134,37492.550353529965,45076.33926311988,41716.55334714001,34691.814237766754,29681.02935869774,28551.354348464574,35411.39545916606,38543.89336220989,37781.25758316257,32007.528060824938,25374.177743949174,26155.243273444936,25463.271201707907,35737.95639191849,45794.54796002181,22428.612513336546,15052.856861467855,17847.17314861046,24958.821709383094,17172.9753107512,11811.248409778045,10840.621848582638,14146.706784819695,20147.82624112473,18560.09089278183,9194.446780761777,0.0,9045.091059636032,16365.587374849218,10673.251693776037,10134.740201015886,12928.457216033627
47,74685.67392503352,70065.0131947961,70023.97879160818,77201.02519277713,73243.40515588013,66238.9789574796,65318.88028489622,63320.28537613273,66968.97257745024,61799.02271202786,56623.7738483823,55740.587752004154,64456.30256315174,97957.8930343765,50413.35442182682,47961.9502136713,48174.63748011736,44600.83822099386,41340.21555594097,40691.106138647774,41450.104058952755,49033.89296854266,47178.28652636708,40153.547416993824,35142.762537924806,34013.08752769165,38202.68174716782,38364.84803497793,43754.56775664557,38056.99905708291,30835.91092317625,29561.337330817434,27587.915116647804,35558.911064686516,56320.303122504294,27890.34569256362,20514.590040694926,19971.81706355036,31609.38048116729,23902.67583646378,18432.704471160083,10222.703347003866,6656.990665255649,26291.25678507184,24923.37743571573,15557.733323695677,9045.091059636032,0.0,22509.01791879633,16813.274046441365,11813.349625036022,13800.347066840164
48,73557.94857375542,69466.861424826,69950.3967347308,75733.93830509999,71776.31826820297,65111.2536062015,64720.728514926115,63246.703319255335,65501.88568977309,60331.935824350716,55647.71931313015,55667.00569512677,62989.21567547459,91765.34198874884,49285.62907054872,47888.36815679391,49112.13628985509,43300.572895158155,41413.852026932356,41628.6049483855,43657.85382612333,51241.64273571325,41667.22986103756,37337.630209638824,35498.78326438733,34716.65782105794,41576.69893175943,46422.12622092337,36284.18863982399,30345.86046476406,30201.570698481744,32320.5467460383,33413.44792246111,43724.75205794725,39564.02662962436,24378.248115973343,22707.72190604256,30001.37384200227,18697.540677746547,18141.10214776459,16914.185580524238,23477.88311234649,28258.39963738854,10261.266082980786,9084.748224466717,10551.94425670724,16365.587374849218,22509.01791879633,0.0,10656.291974466845,17287.27611126555,23616.60392777829
49,75151.36594272223,70530.70521248481,70489.67080929689,77666.71721046584,73709.09717356884,66704.67097516832,65784.57230258493,63785.977393821435,67434.66459513895,62264.71472971657,57089.465866071005,56206.27976969286,64921.994580840445,97468.8155039132,50879.04643951553,48427.642231360005,49400.29851420355,45066.530238682564,41805.90757362968,41916.76717273396,43946.016050471786,51529.8049600617,47319.94822269764,40619.23943468253,35890.83881108466,35004.8200454064,41864.86115610788,45123.44246569378,41936.90700148407,35998.57882642414,31301.602940864956,32608.708970386757,32006.201359916242,42317.50549540238,48073.2659989025,27561.60367663818,21595.78701967619,24390.103306818797,28001.560042401026,21243.16783027879,16569.044036172447,17785.547431273313,22566.063956315353,19565.285447635266,18388.7675891212,9602.686438256178,10673.251693776037,16813.274046441365,10656.291974466845,0.0,7642.455387390972,13971.783203903717
50,75313.66061968112,70692.99988944369,70651.96548625577,77829.01188742471,73871.39185052773,66866.9656521272,65946.86697954382,63948.272070780324,67596.95927209783,62427.009406675454,57251.760543029886,56368.57444665174,65084.28925779932,100504.6758275006,51041.3411164744,48589.93690831888,49070.669103486245,45228.824915641446,41968.202250588554,41587.13776201666,43616.38663975449,51200.17554934441,47482.242899656514,40781.53411164141,35796.42961225765,34675.190634689105,41535.231745390585,43107.38471138499,42099.20167844295,36160.87350338302,31463.897617823834,32279.079559669462,31587.107487932433,40301.44774109358,52946.05342535029,27723.89835359706,21176.693147692382,23971.00943483499,29112.167151941176,21405.462507237673,16731.33871313133,14965.240023410932,18271.324959647987,22188.378232151037,21011.86037363697,11614.464614076742,10134.740201015886,11813.349625036022,17287.27611126555,7642.455387390972,0.0,6653.3624524640245
51,80398.43883720998,75777.77810697255,75736.74370378462,82913.79010495359,78956.17006805658,71951.74386965606,71031.64519707268,69033.05028830918,72681.73748962668,67511.78762420431,62336.538760558746,61453.3526641806,70169.06747532818,108789.58431702324,56126.11933400327,53674.71512584775,54155.447321015105,50313.60313317031,47052.98046811742,46671.91597954552,48011.12604977745,55594.914959367365,52567.02111718537,45866.31232917027,40881.20782978651,39759.968852217964,44932.21586537903,45094.38215318913,47183.97989597181,41245.65172091188,36548.6758353527,36290.871449028644,34317.449234859014,42288.44518289773,63162.82824127077,32808.67657112592,26261.471365221245,26701.351181761565,34196.945369470035,26490.240724766532,21816.116930660188,16952.237465215072,20258.322401452133,28359.574250616086,27183.05639210202,17785.660632541792,12928.457216033627,13800.347066840164,23616.60392777829,13971.783203903717,6653.3624524640245,0.0
